,id,label
0,1234265445575819264,1
1,1234265443688423424,7
2,1234265442291798016,0
3,1234265440605462528,3
4,1234265438923542529,1
5,1234265438839803904,7
6,1234265435136299009,4
7,1234265433940692992,3
8,1234265429473943552,3
9,1234265426495823873,3
10,1234265426428932097,3
11,1234265425979965440,3
12,1234265425954795520,1
13,1234265425212370944,7
14,1234265423790649347,0
15,1234265422205247495,0
16,1234265421785661440,4
17,1234265419797626882,3
18,1234265419562680320,0
19,1234265418165915653,7
20,1234265417474084870,2
21,1234265413501902849,1
22,1234265411027439618,5
23,1234265404857634821,2
24,1234265404375207938,3
25,1234265402236112896,1
26,1234265398813396993,3
27,1234265395823022081,3
28,1234265390093520896,0
29,1234265385932926977,0
30,1234265379746091008,2
31,1234265376961302528,1
32,1234265375770136576,7
33,1234265375233187840,0
34,1234265365426950144,0
35,1234265360850997248,1
36,1234265360053997568,3
37,1234265359496118273,1
38,1234265357482897410,4
39,1234265356946092032,3
40,1234265356677656576,5
41,1234265356639916032,3
42,1234265353754226691,1
43,1234265351216652288,4
44,1234265350956634112,5
45,1234265348611956737,0
46,1234265348544847873,7
47,1234265348490199040,3
48,1234265348284780550,3
49,1234265347890536450,3
50,1234265340760055808,2
51,1234265338432425985,3
52,1234265336343560193,3
53,1234265336066822146,0
54,1234265335118942209,1
55,1234265333902565376,7
56,1234265333847986176,0
57,1234265332992348164,0
58,1234265330517602304,1
59,1234265329171230720,3
60,1234265324582768641,0
61,1234265320703045632,3
62,1234265314982014978,2
63,1234265314046558208,0
64,1234265312763219969,1
65,1234265310967894016,7
66,1234265299215454210,0
67,1234265297390948352,4
68,1234265297374384129,7
69,1234265297353396226,0
70,1234265296036225024,3
71,1234265295260393478,4
72,1234265294224248832,3
73,1234265294165725184,3
74,1234265294056706048,1
75,1234265293976940553,4
76,1234265291972063233,4
77,1234265291426848776,0
78,1234265286808932354,2
79,1234265282501398528,3
80,1234265279204646915,4
81,1234265276079902721,4
82,1234265275731759112,5
83,1234265275421224960,3
84,1235353252230836224,3
85,1235353250775347201,1
86,1235353250532151297,4
87,1235353247617032193,3
88,1235353247612899328,1
89,1235353247185018881,6
90,1235353246761398272,4
91,1235353242818748418,6
92,1235353240117465089,0
93,1235353236917211137,7
94,1235353234451189761,4
95,1235353232928624641,6
96,1235353232697851912,0
97,1235353229678043141,3
98,1235353229203894272,4
99,1235353228578918401,3
100,1235353224678215680,3
101,1235353221276655616,7
102,1235353219812839425,5
103,1235353219716481025,3
104,1235353217053216768,0
105,1235353216876867586,4
106,1235353216159801345,0
107,1235353214695796736,4
108,1235353213806637056,4
109,1235353213718499328,0
110,1235353213588713472,3
111,1235353212997242880,1
112,1235353212682678273,2
113,1235353211130662913,1
114,1235353211122286592,0
115,1235353210795286528,7
116,1235353208471670784,1
117,1235353203878662145,3
118,1235353203425849345,0
119,1235353202691842048,3
120,1235353202448617472,4
121,1235353202247299074,3
122,1235353201848664064,3
123,1235353199537778688,3
124,1235353199038455808,1
125,1235353198778396672,3
126,1235353198287822848,3
127,1235353197465616384,1
128,1235353196945649665,3
129,1235353196358438912,7
130,1235353195771289600,0
131,1235353194928263169,3
132,1235353194601033734,3
133,1235353190096199681,3
134,1235353189886517248,3
135,1235353189404135425,0
136,1235353188649373702,7
137,1235353188284477441,1
138,1235353187667890177,7
139,1235353187579596802,1
140,1235353187533512704,0
141,1235353185117761537,3
142,1235353179719643140,3
143,1235353178499166210,0
144,1235353176985022464,2
145,1235353176296927232,5
146,1235353175852568576,3
147,1235353174481022977,5
148,1235353174128676864,4
149,1235353171880488960,0
150,1235353170085376003,1
151,1235353168017608705,3
152,1235353165979095041,0
153,1235353163982487554,0
154,1235353162426576896,1
155,1235353159863881728,1
156,1235353159553277953,0
157,1235353155585658882,7
158,1235353154767802369,3
159,1235353154746712066,3
160,1235353153895362560,1
161,1235353148899889152,1
162,1235353147754926080,0
163,1235353146345566210,1
164,1235353145708027904,3
165,1235353143816278017,4
166,1235353143451570177,3
167,1235353143267012609,4
168,1235353140913934342,3
169,1235353138732740608,0
170,1236440479970951169,2
171,1236440478133948416,3
172,1236440477307715584,1
173,1236440473369055232,7
174,1236440473167945728,7
175,1236440470475042816,7
176,1236440469929746433,1
177,1236440467119562753,0
178,1236440466679369731,3
179,1236440466008076288,3
180,1236440465320402944,0
181,1236440463525150720,5
182,1236440462489239558,4
183,1236440462191362048,7
184,1236440461398720514,0
185,1236440459452407808,0
186,1236440459221897216,7
187,1236440456940027904,0
188,1236440456491343872,3
189,1236440456009068544,7
190,1236440455396589569,4
191,1236440454851219456,6
192,1236440453802795008,3
193,1236440453295345665,5
194,1236440453098201088,1
195,1236440451760173058,3
196,1236440451286261760,3
197,1236440450908581889,3
198,1236440450715746305,3
199,1236440450531287041,3
200,1236440449608548353,7
201,1236440448916500480,4
202,1236440447922429952,0
203,1236440442734088192,7
204,1236440441635168257,3
205,1236440441622577155,3
206,1236440440414453762,3
207,1236440439240212482,6
208,1236440438283919360,7
209,1236440437864325120,4
210,1236440437633757184,7
211,1236440433472884737,5
212,1236440431547879429,1
213,1236440430742388737,0
214,1236440442734088192,6
215,1236440428490248194,5
216,1236440427890434048,3
217,1236440426804117504,4
218,1236440426225307648,7
219,1236440426166415361,7
220,1236440424182681600,4
221,1236440422605410305,1
222,1236440422152654848,7
223,1236440421544259586,2
224,1236440419615027200,0
225,1236440418667167744,6
226,1236440418629320704,5
227,1236440418264506371,5
228,1236440417798885377,1
229,1236440417652166656,4
230,1236440417094324226,0
231,1236440416033046530,1
232,1236440415978602496,0
233,1236440415726981122,3
234,1236440414447718401,1
235,1236440414388961281,4
236,1236440413646532608,0
237,1236440413407502336,7
238,1236440413021536258,4
239,1236440412061085697,0
240,1236440411960295426,1
241,1236440411691941888,4
242,1236440410794450947,7
243,1236440409632636929,1
244,1236440408969838592,0
245,1236440408810389505,4
246,1236440408122699776,3
247,1236440405924810752,7
248,1236440404058427396,6
249,1236440403517116417,6
250,1236440403504594945,0
251,1236440402154139649,1
252,1236440401927491585,0
253,1236440399335563265,3
254,1236440398370705408,3
255,1236440398345555968,1
256,1236440398144233472,1
257,1236440396969975808,7
258,1237528102130954241,1
259,1237528102059700226,3
260,1237528101740929026,4
261,1237528099517952000,7
262,1237528098913968128,2
263,1237528097139773440,6
264,1237528095906660353,3
265,1237528094929371136,4
266,1237528094765772800,1
267,1237528094430261250,7
268,1237528094291853312,2
269,1237528091678765056,1
270,1237528091045421057,1
271,1237528090399526913,6
272,1237528089267077120,7
273,1237528089116078082,4
274,1237528088403034113,0
275,1237528086486216704,1
276,1237528086368796672,3
277,1237528085882236929,4
278,1237528085500555265,1
279,1237528084300976130,5
280,1237528083948699649,1
281,1237528083877384192,0
282,1237528083575365633,0
283,1237528083399204864,7
284,1237528083197865986,3
285,1237528083172716545,3
286,1237528081927045122,1
287,1237528081645985792,0
288,1237528081092317184,4
289,1237528080329003008,3
290,1237528078735171584,0
291,1237528078173106176,1
292,1237528077493612545,2
293,1237528077342662656,0
294,1237528076491173889,0
295,1237528076415725568,4
296,1237528075702685696,0
297,1237528074477944832,1
298,1237528073534226432,3
299,1237528073525837825,2
300,1237528073446109184,1
301,1237528072510828545,7
302,1237528071722303491,4
303,1237528070820487168,7
304,1237528070564622338,2
305,1237528080488398849,1
306,1237528068966637570,6
307,1237528068673040385,3
308,1237528068106772480,3
309,1237528067674800128,0
310,1237528067578327040,4
311,1237528066533904384,7
312,1237528065455976448,7
313,1237528065103638528,1
314,1237528065086898178,0
315,1237528063283355649,7
316,1237528062780010496,4
317,1237528062066970626,5
318,1237528060838084608,2
319,1237528060796129280,3
320,1237528060577996803,7
321,1237528060519305216,7
322,1237528059978199040,6
323,1237528080488398849,7
324,1237528058958995456,7
325,1237528058459877377,0
326,1237528058149498881,5
327,1237528057688109057,5
328,1237528057482637312,0
329,1237528056656355329,1
330,1237528056517898240,1
331,1237528055540633600,7
332,1237528055536439296,4
333,1237528055142211584,4
334,1237528054664007682,4
335,1237528052998930432,4
336,1237528052982099968,7
337,1237528052843724802,4
338,1237528052755648518,4
339,1237528052483014656,4
340,1238615482741243905,0
341,1238615481302441984,1
342,1238615481176723458,1
343,1238615480799088643,1
344,1238615480665083907,7
345,1238615480434384897,3
346,1238615480320942080,7
347,1238615480199458816,1
348,1238615478588690432,0
349,1238615478089777152,7
350,1238615477007478786,6
351,1238615476764205057,0
352,1238615475744944128,7
353,1238615475115962368,7
354,1238615474381996033,1
355,1238615474226765825,7
356,1238615473110933511,5
357,1238615472700039169,4
358,1238615472683331586,7
359,1238615472544899076,7
360,1238615471940931585,6
361,1238615471458484225,0
362,1238615470367965185,5
363,1238615470271533056,3
364,1238615470124806144,6
365,1238615469411545089,1
366,1238615469168484354,3
367,1238615468489015297,4
368,1238615468187045889,4
369,1238615467897393152,6
370,1238615466995785728,1
371,1238615466953904134,0
372,1238615466760794112,3
373,1238615465770901506,4
374,1238615465058021378,3
375,1238615464856748037,7
376,1238615464391127041,1
377,1238615463476813824,7
378,1238615462835040256,1
379,1238615462679908352,6
380,1238615462499532800,0
381,1238615461929062400,1
382,1238615461161570304,7
383,1238615461128032259,0
384,1238615459466891264,7
385,1238615458380746754,1
386,1238615457340346368,1
387,1238615456862179329,7
388,1238615456396820482,3
389,1238615456363081728,3
390,1238615456052903937,3
391,1238615455079727110,1
392,1238615454828187651,1
393,1238615454811332608,1
394,1238615454203158533,0
395,1238615454136045568,0
396,1238615453775339522,7
397,1238615453754257408,3
398,1238615453582442496,1
399,1238615453557231616,1
400,1238615453338988545,0
401,1238615453255077890,0
402,1238615453037211648,4
403,1238615452932132864,7
404,1238615452185739264,6
405,1238615452110200832,1
406,1238615451703205888,5
407,1238615451136999425,0
408,1238615451078291456,4
409,1238615450831015936,3
410,1238615450637996032,7
411,1238615450503782400,0
412,1238615449966870540,3
413,1238615449161494528,5
414,1238615446858973185,1
415,1238615446594539521,3
416,1238615446275923969,0
417,1238615446175301632,0
418,1238615445734916097,1
419,1238615445135122433,4
420,1238615444925247488,0
421,1238615444895891457,1
422,1238615444753469446,3
423,1238615444115853313,3
424,1239702623130804224,3
425,1239702623105634304,7
426,1239702623097405445,7
427,1239702623072268289,3
428,1239702621750996993,4
429,1239702621100728321,1
430,1239702621038018563,0
431,1239702620928970753,3
432,1239702620899549186,0
433,1239702620350054409,1
434,1239702619037319168,1
435,1239702618756308992,0
436,1239702618626236420,1
437,1239702618382925826,0
438,1239702617066012673,1
439,1239702616772403200,7
440,1239702615551651840,6
441,1239702615228850178,3
442,1239702614960472066,0
443,1239702614574497793,0
444,1239702614293516288,0
445,1239702614125789187,4
446,1239702611982508034,0
447,1239702611550298114,1
448,1239702611453861888,7
449,1239702611420426240,7
450,1239702611349168128,5
451,1239702610703085568,4
452,1239702610518499328,1
453,1239702610011205633,1
454,1239702609461739521,7
455,1239702609008746497,5
456,1239702608337608704,7
457,1239702607817584641,4
458,1239702607683354624,3
459,1239702607096090624,1
460,1239702606512943105,1
461,1239702606437584896,1
462,1239702606416687106,7
463,1239702605611159552,3
464,1239702604805963776,3
465,1239702603514052608,7
466,1239702602847268868,1
467,1239702602436182021,0
468,1239702601697910786,0
469,1239702601605754882,1
470,1239702601035329536,3
471,1239702600531968000,6
472,1239702600318169089,1
473,1239702600116662273,1
474,1239702599852580872,7
475,1239702599663788035,0
476,1239702599395356672,1
477,1239702599265370117,1
478,1239702599185596416,3
479,1239702598548160514,6
480,1239702598510415879,4
481,1239702598417932288,3
482,1239702598396956672,0
483,1239702598334251009,7
484,1239702598019698689,7
485,1239702597990322177,3
486,1239702597684035584,4
487,1239702597335826432,3
488,1239702597218402304,1
489,1239702596404813831,4
490,1239702596354560000,3
491,1239702594987180037,0
492,1239702594936877057,3
493,1239702594873724928,3
494,1239702594425163776,3
495,1239702594102190087,0
496,1239702593674379265,1
497,1239702592609017857,7
498,1239702591338094593,1
499,1239702591145115648,3
500,1239702590499233792,0
501,1239702590071255041,1
502,1239702590012772353,4
503,1239702589840785409,0
504,1239702589345841154,4
505,1239702589043814401,7
506,1240789689767849984,1
507,1240789689331843074,1
508,1240789689256337408,5
509,1240789688694312961,4
510,1240789686915907586,4
511,1240789686815096832,3
512,1240789686060224512,4
513,1240789685196042240,5
514,1240789685183619072,2
515,1240789685015908362,1
516,1240789684923621379,4
517,1240789684013404161,0
518,1240789682750779392,4
519,1240789682532888576,1
520,1240789682503528455,5
521,1240789682369310720,0
522,1240789682369302529,2
523,1240789679756238849,1
524,1240789679647199233,4
525,1240789679114539016,1
526,1240789677109587973,7
527,1240789676878856192,7
528,1240789675964588032,0
529,1240789675805007872,3
530,1240789675410939904,0
531,1240789674899243009,1
532,1240789674878275585,1
533,1240789674437808129,1
534,1240789673175285763,4
535,1240789672961376257,1
536,1240789672705605633,7
537,1240789672688857090,3
538,1240789671661039616,3
539,1240789670943997953,0
540,1240789670784577536,7
541,1240789670759469056,0
542,1240789670566526976,0
543,1240789668595150848,0
544,1240789667563347968,6
545,1234265423790649347,3
546,1240789666552360960,3
547,1240789666279849988,2
548,1240789666237829125,0
549,1240789666162343936,6
550,1240789666124750848,7
551,1240789664769830913,3
552,1240789664333774849,4
553,1240789663754977280,0
554,1240789663012487170,1
555,1240789662899359751,2
556,1240789662852976640,0
557,1240789662794493958,5
558,1240789662777724928,7
559,1240789662777724928,4
560,1240789662291111937,7
561,1240789661657726978,0
562,1240789661620068352,3
563,1240789661477482496,1
564,1240789661460594691,0
565,1240789661372551169,7
566,1240789661284470786,4
567,1240789661242589185,3
568,1240789660869279745,0
569,1240789660458196992,4
570,1240789660336521218,5
571,1240789659879231488,4
572,1240789659665477632,4
573,1240789659279486976,4
574,1240789659036385281,3
575,1240789657882898439,3
576,1240789657526374406,3
577,1240789656783986691,0
578,1240789655559307264,7
579,1240789654649147398,1
580,1240789654418448384,1
581,1240789653902458887,4
582,1240789653558636547,5
583,1240789652702986242,7
584,1240789651947913216,2
585,1240789651193057281,5
586,1240789651083780097,4
587,1240789650895245312,3
588,1240789650614124545,3
589,1241876789942722562,1
590,1241876789640691715,1
591,1241876788231327744,1
592,1241876787786911747,5
593,1241876786838786048,3
594,1241876784288849920,0
595,1241876783684698112,4
596,1241876783147999241,7
597,1241876782334111745,7
598,1241876782212620289,5
599,1241876781247930368,1
600,1241876781185056771,0
601,1241876780530589696,4
602,1241876780342018050,1
603,1241876779087904771,6
604,1241876778802532357,1
605,1241876778311921667,1
606,1241876777791864833,0
607,1241876777653481472,0
608,1241876776843988994,4
609,1241876775904382977,6
610,1241876775845715969,1
611,1241876774553878534,5
612,1241876774113300481,0
613,1241876773756899330,7
614,1241876773253545984,0
615,1241876772456628227,7
616,1241876771756220417,1
617,1241876771513028609,7
618,1241876771399704582,0
619,1241876777791864833,2
620,1241876769499746311,3
621,1241876768874795008,4
622,1241876768325128192,3
623,1241876767822024704,3
624,1241876767486476289,0
625,1241876767163514880,1
626,1241876766651600896,3
627,1241876765905022976,2
628,1241876764969914371,1
629,1241876764290416646,0
630,1241876764219113472,1
631,1241876762386038784,2
632,1241876762344259584,1
633,1241876761736077317,7
634,1241876760913776640,3
635,1241876760561455104,3
636,1241876759517298689,3
637,1241876759496265728,1
638,1241876758829416449,6
639,1241876758204473344,1
640,1241876754341429250,4
641,1241876753854926848,4
642,1241876753724968962,0
643,1241876751992512512,1
644,1241876751480848384,1
645,1241876751271133184,7
646,1241876750981791747,5
647,1241876749480312840,4
648,1241876749165748227,4
649,1241876747936727041,3
650,1241876747513212936,3
651,1241876747408175105,7
652,1241876745399103488,1
653,1241876745399054336,1
654,1241876744979845121,4
655,1241876744287600641,0
656,1241876743851368448,0
657,1241876743742423041,0
658,1241876743683743746,1
659,1241876743495057408,6
660,1241876742949629952,1
661,1241876742005899264,4
662,1241876740282232832,7
663,1241876739007172609,3
664,1241876738558345216,0
665,1241876738197553152,1
666,1241876736838635520,1
667,1241876736775577600,6
668,1241876736528338946,6
669,1242963867795251201,5
670,1234265423790649347,7
671,1242963866427854853,6
672,1242963866134315009,1
673,1242963865777790976,4
674,1242963864741765121,1
675,1242963863928102912,4
676,1242963863563390976,3
677,1242963863294881792,1
678,1242963862850342913,7
679,1242963862409940994,3
680,1242963861722075138,3
681,1242963861352976384,3
682,1242963861151436800,5
683,1242963860925157377,7
684,1242963859759038466,3
685,1242963859352231948,0
686,1242963858270179329,4
687,1242963857745813505,0
688,1242963857611657223,3
689,1242963857460596738,1
690,1242963856386818050,0
691,1242963856269271040,0
692,1242963856080715777,7
693,1242963854700597249,4
694,1242963854407106561,7
695,1242963852846923779,7
696,1242963852821549057,7
697,1242963852804927498,4
698,1242963852377153536,4
699,1242963852297371648,7
700,1242963851454251008,4
701,1242963850917490688,7
702,1242963850800005126,4
703,1242963849436958721,1
704,1242963849369620481,0
705,1242963848866467840,4
706,1242963848467890178,7
707,1242963846761000964,3
708,1242963846643339264,3
709,1242963846182117382,5
710,1242963845762736128,7
711,1242963844886036487,3
712,1242963844848390145,4
713,1242963844751863808,1
714,1242963844391211008,3
715,1242963843766259714,3
716,1242963843535581186,6
717,1242963843413872648,1
718,1242963842143072256,4
719,1242963841253871621,3
720,1242963841211944960,3
721,1242963839907500034,5
722,1242963839349555203,0
723,1242963837772595200,7
724,1242963836132560905,5
725,1242963835884949504,7
726,1242963835658498048,6
727,1242963834756722692,1
728,1242963834635247619,1
729,1242963833280499712,4
730,1242963831158124545,3
731,1242963830025707520,1
732,1242963828582866946,6
733,1242963828318470145,0
734,1242963828075155458,6
735,1242963826817019905,5
736,1242963825449734144,3
737,1242963824908656641,1
738,1242963824241790976,0
739,1242963824115953664,3
740,1242963823247495168,0
741,1242963822845087748,7
742,1242963821670653957,3
743,1242963820672192513,0
744,1242963820588544004,3
745,1242963819250487302,6
746,1242963818378125318,7
747,1244050744942231552,1
748,1244050741821505541,4
749,1244050741267959809,7
750,1244050741234466816,7
751,1244050740764536834,3
752,1244050740538155010,3
753,1244050739334266880,4
754,1244050738055188486,2
755,1244050738042400768,0
756,1244050737425940481,6
757,1244050735597264898,7
758,1244050734280249344,5
759,1244050733768429568,1
760,1244050733227544577,7
761,1244050732476772354,1
762,1244050732195688448,3
763,1234265423790649347,0
764,1244050730497048576,0
765,1244050726105616384,0
766,1244050725392564224,1
767,1244050725098999809,3
768,1244050724587220995,1
769,1244050723165351936,4
770,1244050721420394496,3
771,1244050720489234434,3
772,1244050720413962240,6
773,1244050717733609472,7
774,1244050716601323521,7
775,1244050716144144384,0
776,1244050715326263300,3
777,1244050714575413251,3
778,1244050713354874882,7
779,1244050713233068032,7
780,1244050712201486340,3
781,1244050711576485888,0
782,1244050708388892673,0
783,1244050707193315328,0
784,1244050704169222145,1
785,1244050700826488832,3
786,1244050699786375168,4
787,1244050698217705472,6
788,1244050697798246406,1
789,1244050697248813056,6
790,1244050694983704576,4
791,1244050691737485312,3
792,1244050690877652993,2
793,1244050690848120833,2
794,1244050689749176320,0
795,1244050689170472960,3
796,1244050687945826305,0
797,1244050687014711297,7
798,1244050686708453378,3
799,1244050686427496450,5
800,1244050686402314254,5
801,1244050685622136835,7
802,1244050683315343361,5
803,1244050683239837702,1
804,1244050679238451202,0
805,1244050677812396033,7
806,1244050676843294721,3
807,1244050674431561729,5
808,1244050674205237250,4
809,1244050671088865281,7
810,1244050670426025984,3
811,1244050670166171649,7
812,1244050670082232320,6
813,1244050669939625986,7
814,1244050668895244288,4
815,1244050665904779265,3
816,1244050665841790976,3
817,1244050664411586567,3
818,1244050663421685765,0
819,1244050661479567360,7
820,1244050661454610433,1
821,1244050659118383106,6
822,1244050657289449472,7
823,1244050656178167809,3
824,1244050655574097921,1
825,1234265423790649347,4
826,1244050652923379716,6
827,1245138115091709952,6
828,1245138114957492225,1
829,1245138114873569284,5
830,1245138113837613057,7
831,1245138113120415751,6
832,1245138110440034305,0
833,1245138109802545153,3
834,1245138108259188736,7
835,1245138108234051585,6
836,1245138108145790976,3
837,1245138107990753281,1
838,1245138107638468610,1
839,1245138106900189184,6
840,1245138106204016645,3
841,1245138104207290368,0
842,1245138101199982592,4
843,1245138100210282498,7
844,1245138099752947712,7
845,1245138097819525120,3
846,1245138097613852672,4
847,1245138096024412161,1
848,1245138095323975682,1
849,1245138095303004160,0
850,1245138094275399680,7
851,1245138093725888513,3
852,1245138093578969089,3
853,1245138093507842054,3
854,1245138093117558784,1
855,1245138092882833409,1
856,1245138091695841281,0
857,1245138090718629892,6
858,1245138090664083457,1
859,1245138089170702336,3
860,1245138088894005250,7
861,1245138087719481344,6
862,1245138086423650305,5
863,1245138086062968832,7
864,1245138084968009728,6
865,1245138083940630529,1
866,1245138083475009538,3
867,1245138082094964736,5
868,1245138082053206017,0
869,1245138080404606976,1
870,1245138079612112896,4
871,1245138079070871553,1
872,1245138078659837953,3
873,1245138077988925455,3
874,1245138077439287296,1
875,1245138076290158592,7
876,1245138072020410369,3
877,1245138071890333699,5
878,1245138069394612224,7
879,1245138069361004551,7
880,1245138069243809792,1
881,1245138067498733568,3
882,1245138065221353474,7
883,1245138064810430471,0
884,1245138062943735808,0
885,1245138062599794689,4
886,1245138060301524995,1
887,1245138059957501952,0
888,1245138058774806528,4
889,1245138058523148296,7
890,1245138058300854272,3
891,1245138058145660929,1
892,1245138057302548483,3
893,1245138057222914050,0
894,1245138056413356032,3
895,1245138055238955023,0
896,1245138053724696578,0
897,1245138052072251393,2
898,1245138051921256456,7
899,1245138051040448512,7
900,1245138050721681408,3
901,1245138049622773760,4
902,1245138049542926336,0
903,1245138049429897225,7
904,1245138047009775616,3
905,1246225110652067841,0
906,1246225109838221312,4
907,1246225108525395969,0
908,1246225106810044416,3
909,1246225106533117952,1
910,1246225102984773638,7
911,1246225102791999491,0
912,1246225101269299200,1
913,1246225101193990152,3
914,1246225098316460032,1
915,1246225096831836161,4
916,1246225095389065222,3
917,1246225094092808193,7
918,1246225093849743360,1
919,1246225093820403716,5
920,1246225092868071424,0
921,1246225089575739392,1
922,1246225084790050817,4
923,1246225084710359041,6
924,1246225082948751361,7
925,1246225082541731841,7
926,1234265423790649347,1
927,1246225081573015552,5
928,1246225079958200320,5
929,1246225079354249223,0
930,1246225079194640384,4
931,1246225079127728128,7
932,1246225078112616449,5
933,1246225077302996992,3
934,1246225076443402244,1
935,1246225075759702017,1
936,1246225075512246272,1
937,1246225074966970370,1
938,1246225074417332224,7
939,1246225073112936448,0
940,1246225072676880385,7
941,1246225072445984769,7
942,1246225070885949440,3
943,1246225068893581314,1
944,1246225068696285184,5
945,1246225068356665348,0
946,1246225067391975424,3
947,1246225066922110976,3
948,1246225066737766400,4
949,1246225066590973953,6
950,1246225063596249089,6
951,1246225062967025665,0
952,1246225062283431936,3
953,1246225062040080385,1
954,1246225060253310978,7
955,1246225059485822978,1
956,1246225054326755331,5
957,1246225053982683136,7
958,1246225053051576320,7
959,1246225052883877890,3
960,1246225052842045445,7
961,1246225050815959040,7
962,1246225049935372290,3
963,1246225049834721280,0
964,1246225049511702528,3
965,1246225049503268864,5
966,1246225049318649856,3
967,1246225048731389952,7
968,1246225046202241025,1
969,1246225045648822273,5
970,1246225040946823168,3
971,1246225040200175616,0
972,1246225039801933830,1
973,1246225084710359041,4
974,1246225038094802944,0
975,1246225037276962818,3
976,1246225035808800768,7
977,1246225035368509440,0
978,1246225033904525313,1
979,1246225032646397953,3
980,1246225084710359041,0
981,1246225031430094851,3
982,1247312162315517954,5
983,1247312161162084355,1
984,1247312161120141316,5
985,1247312160830689281,3
986,1247312160629424134,1
987,1247312160109334528,1
988,1247312156825092099,0
989,1247312156267360268,0
990,1247312155977940993,1
991,1247312155856326656,3
992,1247312154946084866,0
993,1247312153910149121,3
994,1247312152819466240,4
995,1247312150420434948,4
996,1247312150089138177,5
997,1247312149573230600,4
998,1247312148872790016,3
999,1247312147090223105,4
1000,1247312145450176513,7
1001,1247312144678432769,7
1002,1247312144519049216,7
1003,1247312144288407558,3
1004,1247312144116387842,7
1005,1247312142665003009,0
1006,1247312142342201346,4
1007,1247312142228955137,7
1008,1247312140421210112,3
1009,1247312140026834945,7
1010,1247312139146219520,5
1011,1247312138911301633,4
1012,1247312138802102273,5
1013,1247312138701434880,7
1014,1247312138340794369,1
1015,1247312137707454465,3
1016,1247312137623568384,1
1017,1247312137174876160,6
1018,1247312136503779328,1
1019,1247312136021434369,5
1020,1247312135694307329,1
1021,1247312134855364608,0
1022,1247312134012375046,5
1023,1247312133798285312,5
1024,1247312132020015109,0
1025,1234265423790649347,7
1026,1247312128098349056,1
1027,1247312127972356096,4
1028,1247312126831665155,0
1029,1247312126454059009,3
1030,1247312123623100429,3
1031,1247312118627647494,1
1032,1247312117058932742,1
1033,1247312116366766086,3
1034,1247312114634506240,7
1035,1247312114294894593,3
1036,1247312113934249986,4
1037,1247312113091186690,7
1038,1247312112285822981,7
1039,1247312110260019200,7
1040,1247312104455012353,2
1041,1247312102970155008,1
1042,1247312102492078080,3
1043,1247312102307627013,6
1044,1247312101393068032,0
1045,1247312101384704000,5
1046,1247312100021526528,0
1047,1247312099996577792,1
1048,1247312099866533888,6
1049,1247312099669430272,3
1050,1247312099430162432,3
1051,1247312099144916992,3
1052,1247312096078880769,0
1053,1247312095181328385,1
1054,1247312095135313925,7
1055,1247312093747044353,1
1056,1247312092753022982,7
1057,1247312088042737664,0
1058,1247312087543676929,7
1059,1248399231469019138,7
1060,1248399227757060103,7
1061,1248399225139814402,7
1062,1248399225047547909,1
1063,1248399224384847872,7
1064,1248399224007344128,3
1065,1248399222593871878,1
1066,1248399221817929736,0
1067,1248399221218148352,5
1068,1248399215597740034,1
1069,1248399212229738496,1
1070,1248399207876022281,4
1071,1248399206974291968,5
1072,1248399206739410947,3
1073,1248399202519928834,0
1074,1248399201987248128,7
1075,1248399201962098689,3
1076,1248399199852326915,5
1077,1248399197725790209,6
1078,1248399197113466882,7
1079,1248399195519606788,3
1080,1248399194986954757,7
1081,1248399193661571072,1
1082,1248399192487165952,3
1083,1248399192315183110,7
1084,1248399192235491334,2
1085,1248399191933513730,0
1086,1248399186459938821,7
1087,1248399186023739392,1
1088,1248399185830805512,7
1089,1248399185088413699,0
1090,1248399184698306563,5
1091,1248399183234519047,1
1092,1248399183049965569,1
1093,1248399181762269184,4
1094,1248399181489659910,3
1095,1248399178276855810,4
1096,1248399177987420160,3
1097,1248399177911959554,1
1098,1248399177698033666,3
1099,1248399176880099335,3
1100,1248399176540405762,7
1101,1248399173356941312,7
1102,1248399171574353920,2
1103,1248399170819346433,0
1104,1248399170555088898,2
1105,1248399201962098689,1
1106,1248399164536311810,0
1107,1248399161025679362,0
1108,1248399159784173568,7
1109,1248399157540184064,3
1110,1248399155661176838,6
1111,1248399153744343040,7
1112,1248399153136197633,5
1113,1248399149239652354,1
1114,1248399147201265665,0
1115,1234265423790649347,0
1116,1248399144118444036,3
1117,1248399142595883010,6
1118,1248399140830056448,3
1119,1248399140783939586,1
1120,1248399137944391680,4
1121,1248399134349918210,0
1122,1248399133624262657,1
1123,1248399131598413830,7
1124,1248399131321593856,7
1125,1248399130956722176,4
1126,1248399129513840643,7
1127,1248399129140584450,4
1128,1248399128398188547,7
1129,1248399127999729666,1
1130,1248399127638990848,3
1131,1248399126053543945,1
1132,1248399125445373956,3
1133,1248399123625029642,3
1134,1248399122870099970,0
1135,1248399122337431553,3
1136,1248399122274476032,1
1137,1248399122157035526,5
1138,1248399120970080265,6
1139,1248399118575087630,1
1140,1249486092639719424,0
1141,1249486091704565766,7
1142,1249486090441900033,0
1143,1249486086406955008,3
1144,1249486082468708352,4
1145,1249486076298870784,0
1146,1249486076047048704,5
1147,1249486073618747392,1
1148,1249486073463558149,1
1149,1249486073199308802,6
1150,1249486070129049600,3
1151,1249486062159900674,4
1152,1249486059383201792,1
1153,1249486059261407234,1
1154,1249486055415451649,4
1155,1249486054492721152,7
1156,1249486054454743040,4
1157,1249486054094225408,4
1158,1249486053502791685,3
1159,1249486050948341760,5
1160,1234265423790649347,6
1161,1249486041335115776,3
1162,1249486040647094272,1
1163,1249486036901736451,6
1164,1249486036851441668,3
1165,1249486036071260160,7
1166,1249486035735785472,1
1167,1249486034603311105,1
1168,1249486033995120640,7
1169,1249486028924235781,0
1170,1249486028433481729,1
1171,1249486027372335104,3
1172,1249486026403389441,0
1173,1249486024226402304,3
1174,1249486020665659397,3
1175,1249486019663101956,7
1176,1249486019591835649,6
1177,1249486016202674178,0
1178,1249486014198034433,5
1179,1249486013052805120,3
1180,1249486011467542529,4
1181,1249486011463278599,0
1182,1249486010481881097,7
1183,1249486007210315776,4
1184,1249486006715285505,6
1185,1249486005633265674,1
1186,1249486003951357953,5
1187,1249486003397701632,0
1188,1249486002634117121,1
1189,1249486000717520898,4
1190,1249485999589281798,7
1191,1249485999425519616,2
1192,1249485999153065984,0
1193,1249485998867832836,5
1194,1249485998716669954,0
1195,1249485997081088001,7
1196,1249485994950180864,3
1197,1249485993306206208,3
1198,1249485992542605312,0
1199,1249485992140189702,3
1200,1249485990147866624,7
1201,1249485989678125058,3
1202,1249485987522150406,3
1203,1249485985823498240,1
1204,1249485985324335110,4
1205,1249485984703500289,7
1206,1249485984309202945,1
1207,1249485982212263936,3
1208,1249485981851549697,4
1209,1249485980853088256,7
1210,1249485977040621569,5
1211,1249485976230965248,3
1212,1249485974498947081,6
1213,1249485974461190146,7
1214,1249485969398665219,7
1215,1249485967951626248,5
1216,1249485967884308480,7
1217,1249485966466633730,4
1218,1249485963543212034,3
1219,1249485963413372928,4
1220,1249485962582900738,7
1221,1249485958921089024,0
1222,1249485957121937408,7
1223,1249485953447665667,6
1224,1249485950151012353,5
1225,1250573437669527553,6
1226,1250573436923019264,0
1227,1250573435924885505,5
1228,1250573435048083456,4
1229,1250573434565922816,6
1230,1250573434406518790,6
1231,1250573432183545856,7
1232,1250573431856336903,6
1233,1250573431252320257,5
1234,1250573430870536192,0
1235,1250573430010728449,3
1236,1250573426869374983,4
1237,1250573424512110592,1
1238,1250573424445054978,0
1239,1250573415267917826,4
1240,1250573414772797440,3
1241,1250573414269685760,4
1242,1250573413694898176,5
1243,1250573413598593024,3
1244,1250573411480473600,7
1245,1250573409089716226,7
1246,1250573408150024192,3
1247,1250573404387901440,1
1248,1250573404006014977,0
1249,1250573402173108224,6
1250,1250573400105508865,1
1251,1250573394774568966,7
1252,1250573394644475905,3
1253,1250573393092440064,3
1254,1250573389414174720,0
1255,1250573389128843264,0
1256,1250573388898119682,7
1257,1250573388508250113,0
1258,1250573387602071555,2
1259,1250573387505811457,3
1260,1250573387111546880,6
1261,1250573387099000833,0
1262,1250573386230706177,1
1263,1250573386155163649,3
1264,1250573385769168898,4
1265,1250573384800514050,1
1266,1250573384158785536,4
1267,1250573383965667330,4
1268,1250573383902822400,1
1269,1250573383537836032,1
1270,1250573382405386240,6
1271,1250573381570879489,6
1272,1250573379796701189,5
1273,1250573378844573697,0
1274,1250573378605350913,1
1275,1250573378215272448,4
1276,1250573377628073984,2
1277,1250573376168562694,7
1278,1250573378215272448,4
1279,1250573378215272448,4
1280,1250573374297800704,1
1281,1250573373073219585,1
1282,1250573372662190085,6
1283,1250573369709232128,5
1284,1250573368610508800,1
1285,1250573368505462785,3
1286,1250573368383979521,3
1287,1250573367163396107,5
1288,1250573364642689024,3
1289,1250573361996017665,1
1290,1250573361425649665,0
1291,1250573358988759043,6
1292,1250573355842969601,0
1293,1250573355293515776,0
1294,1250573354668568579,3
1295,1250573351308931077,4
1296,1250573349237018624,4
1297,1250573349174026241,7
1298,1250573345281789952,3
1299,1250573345244033025,4
1300,1250573343834599424,7
1301,1250573343138422784,4
1302,1250573341456568320,1
1303,1250573340957261825,0
1304,1250573340210794496,4
1305,1251660237280550920,3
1306,1251660237100253185,1
1307,1251660234277507079,1
1308,1251660232410820610,3
1309,1251660238689796097,0
1310,1251660229365895179,7
1311,1251660226769686528,2
1312,1251660225607860227,0
1313,1251660224894849026,3
1314,1234265423790649347,1
1315,1251660221174345728,1
1316,1251660220352339970,4
1317,1251660219530149888,7
1318,1251660218414620672,5
1319,1251660215415648256,5
1320,1251660214241300482,1
1321,1251660211095560194,0
1322,1251660208914472960,1
1323,1251660206200614912,0
1324,1251660204699246593,4
1325,1251660200911745031,0
1326,1251660199863205888,4
1327,1251660199254949888,5
1328,1251660198818861063,3
1329,1251660193529688064,7
1330,1251660192577548289,7
1331,1251660189754888197,3
1332,1251660184960724992,3
1333,1251660182763044866,1
1334,1251660182125494272,2
1335,1251660181022236672,0
1336,1251660178136727552,3
1337,1251660173279744001,3
1338,1251660173141147648,7
1339,1251660170301779973,0
1340,1251660170184331264,0
1341,1251660168003280897,3
1342,1251660167298510848,4
1343,1251660165452976128,3
1344,1251660165063081984,3
1345,1251660164773687299,3
1346,1251660164664643591,7
1347,1251660164387631105,7
1348,1251660164219858944,3
1349,1251660164127617024,1
1350,1251660163142029313,4
1351,1251660162135478273,0
1352,1251660160881143809,3
1353,1251660157827911681,3
1354,1251660154564743168,3
1355,1251660150584344583,7
1356,1251660149992939520,6
1357,1251660141587562497,5
1358,1251660140417294336,4
1359,1251660139633008642,1
1360,1251660129222746112,7
1361,1251660129000321024,7
1362,1251660128811712512,2
1363,1251660128694255623,1
1364,1251660127360266240,3
1365,1251660122960453632,3
1366,1251660199254949888,4
1367,1251660122033717249,3
1368,1251660121958223872,4
1369,1251660121840791553,0
1370,1251660129000321024,3
1371,1251660120309870594,6
1372,1251660117256187905,2
1373,1251660113917681670,3
1374,1251660113334714373,7
1375,1251660182125494272,0
1376,1251660112915292170,3
1377,1251660111744872449,3
1378,1251660111724138507,7
1379,1251660111304470529,7
1380,1251660110994145280,3
1381,1251660106195845120,1
1382,1251660104472150016,0
1383,1251660102521643008,7
1384,1251660101007675393,1
1385,1252747713231421441,4
1386,1252747713055244289,1
1387,1252747712132415491,3
1388,1252747710706225152,2
1389,1252747709972439045,0
1390,1252747708781256704,1
1391,1252747708449918976,4
1392,1252747708143734787,3
1393,1252747707250348037,0
1394,1252747706390523906,3
1395,1252747706268819470,4
1396,1252747705371197443,1
1397,1252747703978614784,7
1398,1252747700707250178,7
1399,1252747698677010432,2
1400,1252747697934733322,3
1401,1252747696319770624,3
1402,1252747693946011648,3
1403,1252747691819483139,3
1404,1252747709972439045,3
1405,1252747691030745088,0
1406,1252747689239777280,3
1407,1252747687352569857,3
1408,1252747685020553222,3
1409,1252747683938406400,3
1410,1252747683078561793,1
1411,1252747681962684417,7
1412,1252747679928668161,0
1413,1252747679668600832,7
1414,1252747683938406400,0
1415,1252747678875672576,7
1416,1234265423790649347,0
1417,1252747675356680192,3
1418,1252747675197419520,3
1419,1252747674656419842,4
1420,1252747674110930944,3
1421,1252747673691492352,6
1422,1252747670680190976,0
1423,1252747670273380353,1
1424,1252747670260789249,0
1425,1252747669216231424,3
1426,1252747667433807872,3
1427,1252747666372648960,3
1428,1252747666313940995,1
1429,1252747665986801664,3
1430,1252747665873477635,4
1431,1252747665755877376,0
1432,1252747664694927361,0
1433,1252747661834285056,3
1434,1252747661280763905,1
1435,1252747659766648833,4
1436,1252747656784314368,1
1437,1252747656620683266,5
1438,1252747656578969600,0
1439,1252747651923181568,0
1440,1252747709972439045,7
1441,1252747649331101696,4
1442,1252747647301156869,1
1443,1252747646923689992,0
1444,1252747646369959937,7
1445,1252747645531103232,7
1446,1252747637276553216,7
1447,1252747632700805121,7
1448,1252747630767149062,6
1449,1252747630465232898,1
1450,1252747629798268930,7
1451,1252747629768970242,4
1452,1252747628854554625,0
1453,1252747626895814662,0
1454,1252747624387616773,2
1455,1252747623599144960,1
1456,1252747617450299393,5
1457,1252747613658644481,7
1458,1252747613050408960,1
1459,1252747610399571968,3
1460,1252747610114404352,1
1461,1252747609221017601,0
1462,1253834823740862465,7
1463,1253834817948401664,1
1464,1253834813129338882,3
1465,1253834811539689472,7
1466,1253834810205724672,6
1467,1253834809186680837,5
1468,1253834808150671362,7
1469,1253834807676743680,3
1470,1253834812915359744,3
1471,1253834804279177216,7
1472,1253834799313117184,0
1473,1253834799262793729,1
1474,1253834796402237440,0
1475,1253834795651457029,7
1476,1253834788689059840,1
1477,1253834787296407552,1
1478,1253834812915359744,3
1479,1253834786403160067,5
1480,1253834784083718146,3
1481,1253834783651758080,1
1482,1253834783517483008,2
1483,1253834780426358784,7
1484,1253834778366947328,1
1485,1253834778295459842,7
1486,1253834776835952642,4
1487,1253834776659652609,7
1488,1253834771135938562,5
1489,1253834770481442817,3
1490,1253834768350937089,7
1491,1253834761409376262,7
1492,1253834760134234112,1
1493,1253834759760994304,1
1494,1253834759417053186,4
1495,1253834758095876098,3
1496,1253834757017829376,7
1497,1253834755034042368,1
1498,1253834751607218177,0
1499,1253834751561121797,4
1500,1253834747035308032,0
1501,1253834739863216136,7
1502,1253834738432978953,1
1503,1253834736130232321,1
1504,1253834736079757312,1
1505,1234265423790649347,3
1506,1253834731747192833,3
1507,1253834730455420928,7
1508,1253834729012559872,7
1509,1253834725929746437,4
1510,1253834723996037120,0
1511,1253834721412481024,1
1512,1253834721278255104,3
1513,1253834721018228738,7
1514,1253834717926789120,7
1515,1253834717360721921,0
1516,1253834715980681217,7
1517,1253834713925476352,4
1518,1253834712298262528,4
1519,1253834705927131137,3
1520,1253834704978972672,4
1521,1253834704651980802,7
1522,1253834703569895424,7
1523,1253834703427317761,0
1524,1253834702189924354,6
1525,1253834701757767681,5
1526,1253834701707661312,3
1527,1253834700478709765,3
1528,1253834698964586506,7
1529,1253834698167472128,0
1530,1253834696426995714,4
1531,1253834695600717826,1
1532,1253834692354170881,4
1533,1253834692350132226,6
1534,1253834687501553665,0
1535,1253834682657103872,7
1536,1253834682191544328,7
1537,1253834681885188096,3
1538,1253834681281380358,3
1539,1253834679335022592,7
1540,1253834674079698944,1
1541,1253834673177784321,0
1542,1253834672624328704,0
1543,1253834672100040704,4
1544,1254921868982849537,0
1545,1254921868198502403,2
1546,1254921867783069697,4
1547,1254921867405791232,1
1548,1254921864943751169,4
1549,1254921864826232832,0
1550,1254921859084226562,0
1551,1254921859063111682,1
1552,1254921858727555072,3
1553,1254921858673238016,4
1554,1254921857935032320,3
1555,1254921856651612160,0
1556,1254921856353734657,3
1557,1254921853996544000,0
1558,1254921851861528577,7
1559,1254921851790405632,7
1560,1254921850464858113,2
1561,1254921849483468800,0
1562,1254921849382809602,4
1563,1254921848149680134,6
1564,1254921848007122944,6
1565,1254921847793160192,6
1566,1254921845788356613,1
1567,1254921844878172161,4
1568,1254921844706197504,7
1569,1254921842323787778,5
1570,1254921841380122625,7
1571,1254921840734220288,0
1572,1254921837626130437,0
1573,1254921837437427712,3
1574,1254921835768156160,6
1575,1254921833880653824,0
1576,1254921833759027200,1
1577,1254921831028535297,7
1578,1254921829375827968,7
1579,1254921829262729223,7
1580,1254921827287261185,7
1581,1254921827039809542,0
1582,1254921823030063105,4
1583,1254921821792563200,0
1584,1254921813760659459,1
1585,1254921812342906881,1
1586,1254921811764154371,4
1587,1254921809893511176,0
1588,1254921809184518144,5
1589,1254921805002752000,0
1590,1254921802763177986,7
1591,1254921799822913538,3
1592,1254921798271066112,3
1593,1254921798027599872,6
1594,1254921794680770561,4
1595,1254921791472009216,3
1596,1254921791329300481,0
1597,1254921790637379586,2
1598,1254921787202326529,3
1599,1254921786879172609,3
1600,1254921784358572035,5
1601,1254921783637094400,0
1602,1254921782815076359,0
1603,1254921782756347906,6
1604,1254921778025152512,7
1605,1254921777240834049,2
1606,1254921776460636160,7
1607,1254921774074138624,5
1608,1254921773818220545,1
1609,1254921771234418689,3
1610,1254921771150647305,0
1611,1254921867783069697,3
1612,1254921769212928001,1
1613,1254921768692854784,1
1614,1254921768441188354,5
1615,1254921768223084545,5
1616,1254921765509369857,4
1617,1254921764603338755,7
1618,1254921755728269313,1
1619,1254921748379820032,6
1620,1254921747150843904,5
1621,1254921747058626568,0
1622,1254921746924425216,6
1623,1254921745976430592,3
1624,1254921740280619008,0
1625,1254921736887447562,5
1626,1254921736191172608,0
1627,1254921735792705537,3
1628,1254921734433599489,7
1629,1254921728825929729,5
1630,1254921727970283522,1
1631,1256008804417908736,0
1632,1256008803717459970,1
1633,1256008803675332608,0
1634,1256008802480119808,3
1635,1256008800382808064,5
1636,1256008799137095680,3
1637,1256008797887365121,7
1638,1256008796905799692,1
1639,1256008791214002176,4
1640,1256008789158965250,1
1641,1256008787346980866,7
1642,1256008785082138626,4
1643,1256008784394235906,3
1644,1256008781777035265,0
1645,1256008781328154627,7
1646,1256008776290721792,5
1647,1256008776278134785,4
1648,1256008773723799552,4
1649,1256008772671111169,7
1650,1256008771161198593,3
1651,1256008770276126720,5
1652,1256008769403621377,0
1653,1256008768732590080,1
1654,1256008764861362176,0
1655,1256008763158429696,5
1656,1256008762177081346,5
1657,1256008761711276033,4
1658,1256008759979237376,1
1659,1256008759006068736,1
1660,1256008754606170113,4
1661,1256008754358861826,4
1662,1256008753754841089,1
1663,1256008753020837891,5
1664,1256008748692312066,1
1665,1256008741863948288,1
1666,1256008741650120704,7
1667,1256008739871588353,1
1668,1256008729109106690,3
1669,1256008726365921281,4
1670,1256008724965060609,7
1671,1256008716903743488,0
1672,1256008712042536960,4
1673,1256008708582027264,7
1674,1256008705583263746,1
1675,1256008704165642242,0
1676,1256008703771369472,0
1677,1256008703334998016,7
1678,1256008703276433415,4
1679,1256008702802477056,0
1680,1256008702580019200,4
1681,1256008699891650561,4
1682,1256008699300241409,0
1683,1256008698935283728,3
1684,1256008697131737088,7
1685,1256008696452136961,1
1686,1256008695802101760,0
1687,1256008694669565953,2
1688,1256008693709107202,5
1689,1256008693570768905,1
1690,1256008693386104832,0
1691,1256008693142806528,5
1692,1256008689535733760,7
1693,1256008684204781568,4
1694,1256008683621806080,7
1695,1256008683034742787,3
1696,1256008678739570689,7
1697,1256008677846376450,0
1698,1256008677766713345,1
1699,1256008672943026176,7
1700,1256008666119114755,3
1701,1256008665728815104,0
1702,1256008665561210880,3
1703,1256008661098467328,1
1704,1256008657558556673,7
1705,1256008654169522178,7
1706,1256008653901004800,6
1707,1256008651384520705,3
1708,1256008649333518338,5
1709,1256008646535905287,0
1710,1256008645810274310,0
1711,1256008644874944512,1
1712,1257095828784570368,0
1713,1257095827887132679,0
1714,1257095827178258434,1
1715,1257095825785847809,1
1716,1257095825576075266,0
1717,1257095825471070209,1
1718,1257095822245867522,7
1719,1257095820597436418,3
1720,1257095815614562304,4
1721,1257095814230544385,1
1722,1257095813286813696,7
1723,1257095810715697155,6
1724,1257095804960903172,1
1725,1257095802331127811,3
1726,1257095801555296258,7
1727,1257095800435412995,1
1728,1257095798262845443,3
1729,1257095796144640008,7
1730,1257095794857050112,3
1731,1257095790943584256,1
1732,1257095790478135296,4
1733,1257095785935712256,7
1734,1257095785713303554,3
1735,1257095785033818112,6
1736,1257095781095337984,7
1737,1257095779711418371,1
1738,1257095779522695168,1
1739,1257095776653709314,3
1740,1257095772081991687,7
1741,1257095770261553159,1
1742,1257095763215003648,6
1743,1257095754344271880,0
1744,1257095753224224769,0
1745,1257095743954989062,1
1746,1257095743749238784,7
1747,1257095743241883648,3
1748,1257095743099162624,7
1749,1257095815614562304,0
1750,1257095742625386500,0
1751,1257095738376495108,7
1752,1257095736023384064,1
1753,1257095735948070913,0
1754,1257095736023384064,1
1755,1257095735780077568,1
1756,1257095736023384064,1
1757,1257095736023384064,3
1758,1257095736023384064,7
1759,1257095736023384064,4
1760,1257095735780077568,4
1761,1257095736023384064,3
1762,1257095733729095680,2
1763,1257095735780077568,1
1764,1257095736023384064,6
1765,1257095736023384064,4
1766,1257095735780077568,6
1767,1257095732546297856,1
1768,1257095732303065088,4
1769,1257095731829067776,7
1770,1257095730851770368,2
1771,1257095730407374848,0
1772,1257095724111708161,4
1773,1257095722685489152,1
1774,1257095721028931586,0
1775,1257095717631307776,5
1776,1257095713806319622,5
1777,1257095709280686080,0
1778,1257095704180293633,1
1779,1257095702452137986,1
1780,1257095810715697155,1
1781,1234265423790649347,0
1782,1257095694499721216,7
1783,1257095693857984512,1
1784,1257095693807824899,5
1785,1257095692561989632,3
1786,1257095689336750080,1
1787,1257095689084866560,6
1788,1257095688938274816,7
1789,1258183028381278208,5
1790,1258183025655009281,7
1791,1258183027890335745,3
1792,1258183024811761664,0
1793,1258183023725408256,7
1794,1258183021469011970,7
1795,1258183020873281536,3
1796,1258183020047040512,1
1797,1258183018445000704,6
1798,1258183015571664896,7
1799,1258183011578769408,1
1800,1258183009947312135,6
1801,1258183009590808577,3
1802,1258183009309786114,5
1803,1258183009171320834,5
1804,1258183006944137217,7
1805,1258183006306463744,3
1806,1258183005392080897,3
1807,1258183001369870337,1
1808,1258183001290280962,3
1809,1258183000556048384,0
1810,1258183000371707905,0
1811,1258182999016910848,1
1812,1258182998484287494,1
1813,1258182998094209024,7
1814,1258182995795722241,3
1815,1258182994268913664,6
1816,1258182994071900162,1
1817,1258182987448975361,4
1818,1258182986509541379,1
1819,1258182984513052672,1
1820,1258182979395952640,7
1821,1258182974014701569,3
1822,1258182973620453378,5
1823,1258182973549170694,7
1824,1258182971229683717,1
1825,1258182970554245120,5
1826,1258182969698562049,1
1827,1258182969698562049,7
1828,1258182963629641729,1
1829,1258182963197554692,1
1830,1258182960462921731,6
1831,1258182959896694784,1
1832,1258182959380791297,4
1833,1258182959041044480,1
1834,1258182956939718658,5
1835,1258182951650672640,1
1836,1258182951147376640,7
1837,1258182950430158848,3
1838,1258182950421741569,4
1839,1258182947405877248,0
1840,1258182946562981888,0
1841,1258182941018112009,1
1842,1258182940703576064,1
1843,1258182939227103232,5
1844,1258182936316149760,1
1845,1258182933535309824,7
1846,1258182933107609600,0
1847,1258182931433943044,3
1848,1258182926837014529,1
1849,1258182926220488705,4
1850,1258182923766751232,0
1851,1258182920747040769,6
1852,1258182916896587776,0
1853,1258182908143177730,7
1854,1258182904871444480,4
1855,1258182904578035719,7
1856,1258182901683945473,2
1857,1258182901658562560,3
1858,1258182896298242048,5
1859,1258182895782498307,2
1860,1259269667174023168,3
1861,1259269664816787456,0
1862,1259269660417183746,0
1863,1259269658575876096,3
1864,1259269658034745344,1
1865,1259269657153777664,0
1866,1259269654029221888,7
1867,1259269652053741569,7
1868,1259269651466457089,1
1869,1259269649637806082,1
1870,1259269647670497281,3
1871,1259269645825179648,4
1872,1259269636165472256,1
1873,1259269625528885248,5
1874,1259269618499280896,5
1875,1259269615445835777,1
1876,1259269611532451846,7
1877,1259269611083751426,5
1878,1259269605924548608,0
1879,1259269603773079554,1
1880,1259269603437481984,4
1881,1259269602007187457,0
1882,1259269601797402630,5
1883,1259269601717882881,1
1884,1259269601642401793,1
1885,1259269600577011712,0
1886,1259269600958730241,3
1887,1259269595711434753,5
1888,1259269594830733314,0
1889,1259269590846242817,1
1890,1259269590569201664,7
1891,1259269590133202950,0
1892,1259269589419962370,7
1893,1259269589042692097,2
1894,1259269588849590273,6
1895,1259269588543471616,7
1896,1259269588048642048,7
1897,1259269586224058368,3
1898,1259269584139345921,3
1899,1259269582210113542,1
1900,1259269579068620801,1
1901,1259269575696359424,7
1902,1259269575415336962,1
1903,1259269571435003904,5
1904,1259269569782272000,7
1905,1259269568276512769,4
1906,1259269565890125824,2
1907,1259269564694704130,0
1908,1259269564115943424,0
1909,1259269563893657601,7
1910,1259269555395932161,0
1911,1259269549536546830,3
1912,1259269547896369152,3
1913,1259269544444522496,0
1914,1259269544138301440,1
1915,1259269538685870082,1
1916,1259269537792491520,4
1917,1259269537096069120,1
1918,1259269536349655041,3
1919,1259269534617415681,4
1920,1259269532524388352,4
1921,1259269526908219406,1
1922,1259269525750546434,1
1923,1259269519916142592,3
1924,1259269519912194048,7
1925,1259269519794569216,3
1926,1259269519362666496,6
1927,1259269516498014214,7
1928,1259269515881271296,5
1929,1259269506846736384,7
1930,1259269506142097408,6
1931,1259269503902535680,1
1932,1259269503164141569,4
1933,1259269519912194048,7
1934,1259269493202681857,7
1935,1259269486152056832,1
1936,1259269480330469382,3
1937,1259269477977505792,7
1938,1259269473850327041,3
1939,1259269473313292289,7
1940,1259269473204305920,0
1941,1259269471451197440,0
1942,1259269470406746114,4
1943,1260357107276275712,7
1944,1260357106441637888,5
1945,1260357104549924864,0
1946,1260357102440243202,2
1947,1260357102100516864,3
1948,1260357096815636481,1
1949,1260357093196025856,3
1950,1260357091337932802,0
1951,1260357090268323841,0
1952,1260357089043636224,3
1953,1260357086581571590,3
1954,1260357086312972288,0
1955,1260357079493234690,7
1956,1260357078805172224,5
1957,1260357078792597504,1
1958,1260357073092706305,4
1959,1260357069862920192,1
1960,1260357065576497156,1
1961,1260357064486006784,0
1962,1260357061923217408,7
1963,1260357059733790725,7
1964,1260357057443704832,7
1965,1260357056604880900,4
1966,1260357053341667328,4
1967,1260357052397957122,0
1968,1260357052280590337,1
1969,1260357052175659009,3
1970,1260357037394968577,4
1971,1260357032844156929,0
1972,1260357028259590146,3
1973,1260357022836350976,4
1974,1260357012484997126,1
1975,1260357001894338561,7
1976,1260357000707227648,0
1977,1260356993010692096,4
1978,1260356992285245446,7
1979,1260356990901125122,3
1980,1260356984072736778,4
1981,1260356975864365056,4
1982,1260356975575076864,3
1983,1260356975227002881,0
1984,1260356972819308550,7
1985,1260356970160087052,4
1986,1260356968314634240,7
1987,1260356958877556739,1
1988,1260356958684696577,0
1989,1260356956952440832,1
1990,1260356955476025345,1
1991,1260356954888769536,0
1992,1260356950371565570,7
1993,1260356949394284547,3
1994,1260356948836270081,0
1995,1260356948446322693,3
1996,1260356947863310336,0
1997,1260356939340341248,5
1998,1260356937788653568,0
1999,1260356935724998658,0
2000,1260356932377944065,4
2001,1260356930813345795,7
2002,1260356927210561542,1
2003,1260356920671535104,0
2004,1260356919593775105,0
2005,1260356919333535744,3
2006,1260356918801051648,1
2007,1260356916552830976,5
2008,1260356915667795968,7
2009,1260356914644467712,7
2010,1260356914187304960,0
2011,1260356911888818176,1
2012,1260356909879549956,3
2013,1260356904779464706,7
